GEOID,NAME,B19013_001E,B19013_001M,B01003_001E,B01003_001M,NUMPOINTS,inc_rate
"360290156001","Block Group 1, Census Tract 156, Erie County, New York",42500,10657,1130,170,0,"0"
"360290031004","Block Group 4, Census Tract 31, Erie County, New York",,,459,207,9,"1961"
"360290164002","Block Group 2, Census Tract 164, Erie County, New York",46292,7413,467,252,11,"2355"
"360290106002","Block Group 2, Census Tract 106, Erie County, New York",54375,17605,1385,219,0,"0"
"360290039011","Block Group 1, Census Tract 39.01, Erie County, New York",21128,12330,913,264,38,"4162"
"360290066013","Block Group 3, Census Tract 66.01, Erie County, New York",48179,12073,623,239,19,"3050"
"360290145011","Block Group 1, Census Tract 145.01, Erie County, New York",75985,17671,1922,315,0,"0"
"360290090072","Block Group 2, Census Tract 90.07, Erie County, New York",170446,56083,1435,452,1,"70"
"360290132022","Block Group 2, Census Tract 132.02, Erie County, New York",130167,27741,1382,232,0,"0"
"360290175022","Block Group 2, Census Tract 175.02, Erie County, New York",63359,13211,1193,306,0,"0"
"360290078002","Block Group 2, Census Tract 78, Erie County, New York",47500,32949,2117,807,0,"0"
"360290079031","Block Group 1, Census Tract 79.03, Erie County, New York",72350,13139,1311,220,1,"76"
"360290165002","Block Group 2, Census Tract 165, Erie County, New York",62708,19959,556,90,15,"2698"
"360290138021","Block Group 1, Census Tract 138.02, Erie County, New York",71863,10183,1644,477,0,"0"
"360290153011","Block Group 1, Census Tract 153.01, Erie County, New York",73203,22881,1181,250,0,"0"
"360290132012","Block Group 2, Census Tract 132.01, Erie County, New York",59516,29194,945,430,0,"0"
"360290063014","Block Group 4, Census Tract 63.01, Erie County, New York",81601,19904,1837,593,15,"817"
"360290023001","Block Group 1, Census Tract 23, Erie County, New York",36719,18321,1003,359,36,"3589"
"360290071022","Block Group 2, Census Tract 71.02, Erie County, New York",,,746,182,21,"2815"
"360290130024","Block Group 4, Census Tract 130.02, Erie County, New York",27692,11889,1726,492,0,"0"
"360290079053","Block Group 3, Census Tract 79.05, Erie County, New York",73365,55629,652,302,0,"0"
"360290070001","Block Group 1, Census Tract 70, Erie County, New York",43731,21127,943,373,45,"4772"
"360290048001","Block Group 1, Census Tract 48, Erie County, New York",75905,6797,1022,289,11,"1076"
"360290011001","Block Group 1, Census Tract 11, Erie County, New York",40370,15681,1361,388,30,"2204"
"360290111001","Block Group 1, Census Tract 111, Erie County, New York",56389,4723,1500,296,2,"133"
"360290134001","Block Group 1, Census Tract 134, Erie County, New York",107679,27429,414,134,0,"0"
"360290120012","Block Group 2, Census Tract 120.01, Erie County, New York",73295,26315,2508,657,0,"0"
"360290151022","Block Group 2, Census Tract 151.02, Erie County, New York",59750,31511,1033,248,0,"0"
"360290091073","Block Group 3, Census Tract 91.07, Erie County, New York",62526,38009,1638,425,2,"122"
"360290146052","Block Group 2, Census Tract 146.05, Erie County, New York",83000,46232,841,273,0,"0"
"360290163003","Block Group 3, Census Tract 163, Erie County, New York",24615,9912,913,315,39,"4272"
"360290063012","Block Group 2, Census Tract 63.01, Erie County, New York",,,885,317,6,"678"
"360290113003","Block Group 3, Census Tract 113, Erie County, New York",37981,34502,452,202,3,"664"
"360290101013","Block Group 3, Census Tract 101.01, Erie County, New York",76053,23720,1227,309,1,"81"
"360290137012","Block Group 2, Census Tract 137.01, Erie County, New York",54830,43190,1955,458,0,"0"
"360290041002","Block Group 2, Census Tract 41, Erie County, New York",48967,20703,902,246,42,"4656"
"360290077002","Block Group 2, Census Tract 77, Erie County, New York",,,927,337,1,"108"
"360290029001","Block Group 1, Census Tract 29, Erie County, New York",20237,15701,516,227,83,"16085"
"360290035021","Block Group 1, Census Tract 35.02, Erie County, New York",28810,15904,425,190,31,"7294"
"360290100031","Block Group 1, Census Tract 100.03, Erie County, New York",50461,12939,1527,262,2,"131"
"360290137011","Block Group 1, Census Tract 137.01, Erie County, New York",56384,10338,1277,371,0,"0"
"360290142041","Block Group 1, Census Tract 142.04, Erie County, New York",88627,14557,1165,252,0,"0"
"360290154021","Block Group 1, Census Tract 154.02, Erie County, New York",59698,17030,1381,476,0,"0"
"360290058011","Block Group 1, Census Tract 58.01, Erie County, New York",41607,13268,1554,428,40,"2574"
"360290047012","Block Group 2, Census Tract 47.01, Erie County, New York",54889,38551,1385,438,48,"3466"
"360290151013","Block Group 3, Census Tract 151.01, Erie County, New York",88438,36725,683,216,0,"0"
"360290002002","Block Group 2, Census Tract 2, Erie County, New York",23594,6753,681,288,13,"1909"
"360290083003","Block Group 3, Census Tract 83, Erie County, New York",36129,19832,689,339,0,"0"
"360290049023","Block Group 3, Census Tract 49.02, Erie County, New York",51185,15449,1088,267,23,"2114"
"360290073065","Block Group 5, Census Tract 73.06, Erie County, New York",83828,41898,1597,643,0,"0"
"360290096024","Block Group 4, Census Tract 96.02, Erie County, New York",35272,6541,1582,488,0,"0"
"360290079052","Block Group 2, Census Tract 79.05, Erie County, New York",79643,14799,1104,267,0,"0"
"360290090041","Block Group 1, Census Tract 90.04, Erie County, New York",72500,19174,1687,252,0,"0"
"360290086005","Block Group 5, Census Tract 86, Erie County, New York",97617,38056,1554,369,2,"129"
"360290076002","Block Group 2, Census Tract 76, Erie County, New York",50558,7991,1282,248,0,"0"
"360290148051","Block Group 1, Census Tract 148.05, Erie County, New York",68346,8229,899,219,0,"0"
"360290104001","Block Group 1, Census Tract 104, Erie County, New York",52396,12256,1436,358,12,"836"
"360290137023","Block Group 3, Census Tract 137.02, Erie County, New York",72589,50798,877,298,0,"0"
"360290052011","Block Group 1, Census Tract 52.01, Erie County, New York",103750,42073,1043,266,1,"96"
"360290134005","Block Group 5, Census Tract 134, Erie County, New York",85577,78417,795,384,0,"0"
"360290078003","Block Group 3, Census Tract 78, Erie County, New York",58952,13556,1288,362,0,"0"
"360290133003","Block Group 3, Census Tract 133, Erie County, New York",78043,31902,1147,351,0,"0"
"360290173011","Block Group 1, Census Tract 173.01, Erie County, New York",76906,7576,1871,170,0,"0"
"360290134003","Block Group 3, Census Tract 134, Erie County, New York",66803,14117,965,308,0,"0"
"360290089001","Block Group 1, Census Tract 89, Erie County, New York",86607,15190,884,230,1,"113"
"360290148041","Block Group 1, Census Tract 148.04, Erie County, New York",44750,32672,930,297,0,"0"
"360290141013","Block Group 3, Census Tract 141.01, Erie County, New York",57341,32070,2938,732,0,"0"
"360290091091","Block Group 1, Census Tract 91.09, Erie County, New York",53979,2955,1094,276,0,"0"
"360290034004","Block Group 4, Census Tract 34, Erie County, New York",,,305,155,18,"5902"
"360290123003","Block Group 3, Census Tract 123, Erie County, New York",21050,7795,701,249,0,"0"
"360290065013","Block Group 3, Census Tract 65.01, Erie County, New York",60179,21347,576,183,4,"694"
"360290067021","Block Group 1, Census Tract 67.02, Erie County, New York",31576,19346,830,298,11,"1325"
"360290131011","Block Group 1, Census Tract 131.01, Erie County, New York",95536,40470,1344,408,0,"0"
"360290094024","Block Group 4, Census Tract 94.02, Erie County, New York",81875,13157,1239,203,0,"0"
"360290073041","Block Group 1, Census Tract 73.04, Erie County, New York",95052,45254,2807,664,0,"0"
"360290150012","Block Group 2, Census Tract 150.01, Erie County, New York",106295,11498,2637,470,0,"0"
"360290153013","Block Group 3, Census Tract 153.01, Erie County, New York",98214,20639,1976,254,0,"0"
"360290041004","Block Group 4, Census Tract 41, Erie County, New York",38294,6894,1257,306,48,"3819"
"360290063013","Block Group 3, Census Tract 63.01, Erie County, New York",87604,37543,601,231,2,"333"
"360290129031","Block Group 1, Census Tract 129.03, Erie County, New York",55226,15551,2157,422,1,"46"
"360290124001","Block Group 1, Census Tract 124, Erie County, New York",40069,20376,453,131,0,"0"
"360290094022","Block Group 2, Census Tract 94.02, Erie County, New York",70947,26222,1066,271,0,"0"
"360290114001","Block Group 1, Census Tract 114, Erie County, New York",57640,14167,797,235,2,"251"
"360290096023","Block Group 3, Census Tract 96.02, Erie County, New York",118864,48163,473,188,0,"0"
"360290142062","Block Group 2, Census Tract 142.06, Erie County, New York",96629,21270,1427,339,0,"0"
"360290143001","Block Group 1, Census Tract 143, Erie County, New York",89671,44741,1592,578,0,"0"
"360290143005","Block Group 5, Census Tract 143, Erie County, New York",70625,30466,1320,377,0,"0"
"360290100011","Block Group 1, Census Tract 100.01, Erie County, New York",58056,13803,2297,528,4,"174"
"360290120021","Block Group 1, Census Tract 120.02, Erie County, New York",88131,16183,1241,326,0,"0"
"360290043001","Block Group 1, Census Tract 43, Erie County, New York",39020,24214,730,359,18,"2466"
"360290095012","Block Group 2, Census Tract 95.01, Erie County, New York",92708,10297,1845,362,0,"0"
"360290097012","Block Group 2, Census Tract 97.01, Erie County, New York",67311,15319,1719,291,0,"0"
"360290150021","Block Group 1, Census Tract 150.02, Erie County, New York",86375,22822,2419,196,0,"0"
"360290102012","Block Group 2, Census Tract 102.01, Erie County, New York",59811,14046,1209,215,5,"414"
"360290079011","Block Group 1, Census Tract 79.01, Erie County, New York",86042,22008,1013,224,0,"0"
"360290053002","Block Group 2, Census Tract 53, Erie County, New York",41806,35498,911,145,6,"659"
"360290079032","Block Group 2, Census Tract 79.03, Erie County, New York",77500,13179,794,179,0,"0"
"360290077005","Block Group 5, Census Tract 77, Erie County, New York",61344,20734,774,240,1,"129"
"360290068022","Block Group 2, Census Tract 68.02, Erie County, New York",52232,22003,507,203,14,"2761"
"360290091141","Block Group 1, Census Tract 91.14, Erie County, New York",113929,46347,1164,225,0,"0"
"360290082025","Block Group 5, Census Tract 82.02, Erie County, New York",18333,9874,631,156,1,"158"
"360290030001","Block Group 1, Census Tract 30, Erie County, New York",46250,40455,595,271,43,"7227"
"360290174002","Block Group 2, Census Tract 174, Erie County, New York",60341,32377,850,371,4,"471"
"360290091074","Block Group 4, Census Tract 91.07, Erie County, New York",59730,41512,1376,876,0,"0"
"360290048002","Block Group 2, Census Tract 48, Erie County, New York",69844,52905,1268,493,13,"1025"
"360290077001","Block Group 1, Census Tract 77, Erie County, New York",71587,24876,1141,440,0,"0"
"360290080022","Block Group 2, Census Tract 80.02, Erie County, New York",42375,9240,437,152,2,"458"
"360290152012","Block Group 2, Census Tract 152.01, Erie County, New York",49858,17813,2192,382,0,"0"
"360290009002","Block Group 2, Census Tract 9, Erie County, New York",53205,13626,743,187,10,"1346"
"360290138022","Block Group 2, Census Tract 138.02, Erie County, New York",66738,13819,819,355,0,"0"
"360290045005","Block Group 5, Census Tract 45, Erie County, New York",91557,16908,971,291,6,"618"
"360290110002","Block Group 2, Census Tract 110, Erie County, New York",57574,7803,1225,274,9,"735"
"360290148042","Block Group 2, Census Tract 148.04, Erie County, New York",103264,51943,1205,383,1,"83"
"360290105003","Block Group 3, Census Tract 105, Erie County, New York",54750,10087,924,301,1,"108"
"360290016011","Block Group 1, Census Tract 16.01, Erie County, New York",19455,8205,1530,401,90,"5882"
"360290152022","Block Group 2, Census Tract 152.02, Erie County, New York",52661,29372,1452,373,0,"0"
"360290053001","Block Group 1, Census Tract 53, Erie County, New York",61726,14760,661,145,2,"303"
"360290101031","Block Group 1, Census Tract 101.03, Erie County, New York",62115,9733,1510,219,1,"66"
"360290091132","Block Group 2, Census Tract 91.13, Erie County, New York",134191,30534,2401,439,0,"0"
"360290073051","Block Group 1, Census Tract 73.05, Erie County, New York",86458,40574,2561,390,0,"0"
"360290171001","Block Group 1, Census Tract 171, Erie County, New York",,,709,451,24,"3385"
"360290130013","Block Group 3, Census Tract 130.01, Erie County, New York",38929,35360,354,156,0,"0"
"360290094021","Block Group 1, Census Tract 94.02, Erie County, New York",100000,23303,778,172,1,"129"
"360290128003","Block Group 3, Census Tract 128, Erie County, New York",53092,14482,1025,175,0,"0"
"360290090123","Block Group 3, Census Tract 90.12, Erie County, New York",65526,21104,1964,350,0,"0"
"360290076001","Block Group 1, Census Tract 76, Erie County, New York",29735,7029,728,197,0,"0"
"360290109022","Block Group 2, Census Tract 109.02, Erie County, New York",30917,19938,1361,667,0,"0"
"360290055002","Block Group 2, Census Tract 55, Erie County, New York",18729,4531,1336,398,26,"1946"
"360290085001","Block Group 1, Census Tract 85, Erie County, New York",55263,26464,1183,247,0,"0"
"360290093013","Block Group 3, Census Tract 93.01, Erie County, New York",18948,11119,1335,401,6,"449"
"360290058021","Block Group 1, Census Tract 58.02, Erie County, New York",11467,2133,589,183,43,"7301"
"360290170001","Block Group 1, Census Tract 170, Erie County, New York",57950,55621,794,363,46,"5793"
"360290090073","Block Group 3, Census Tract 90.07, Erie County, New York",108333,65406,2276,426,0,"0"
"360290055004","Block Group 4, Census Tract 55, Erie County, New York",35938,6988,1353,469,19,"1404"
"360290063011","Block Group 1, Census Tract 63.01, Erie County, New York",54275,26905,600,294,8,"1333"
"360290042005","Block Group 5, Census Tract 42, Erie County, New York",55000,43295,1279,377,34,"2658"
"360290120032","Block Group 2, Census Tract 120.03, Erie County, New York",86907,5286,852,278,0,"0"
"360290087004","Block Group 4, Census Tract 87, Erie County, New York",,,742,304,1,"135"
"360290065014","Block Group 4, Census Tract 65.01, Erie County, New York",34327,20312,581,210,7,"1205"
"360290038002","Block Group 2, Census Tract 38, Erie County, New York",32321,16654,471,253,38,"8068"
"360290093012","Block Group 2, Census Tract 93.01, Erie County, New York",30179,27608,711,377,2,"281"
"360290144003","Block Group 3, Census Tract 144, Erie County, New York",60859,15442,1086,307,0,"0"
"360290125011","Block Group 1, Census Tract 125.01, Erie County, New York",25417,11064,841,239,0,"0"
"360290036001","Block Group 1, Census Tract 36, Erie County, New York",28866,8080,826,264,46,"5569"
"360290007001","Block Group 1, Census Tract 7, Erie County, New York",105469,51359,620,156,3,"484"
"360290170002","Block Group 2, Census Tract 170, Erie County, New York",34554,24550,1486,505,63,"4240"
"360290061003","Block Group 3, Census Tract 61, Erie County, New York",24271,16291,801,300,35,"4370"
"360290024001","Block Group 1, Census Tract 24, Erie County, New York",56667,12657,679,253,33,"4860"
"360290096011","Block Group 1, Census Tract 96.01, Erie County, New York",71912,16993,1600,229,1,"63"
"360290105001","Block Group 1, Census Tract 105, Erie County, New York",60842,12654,632,258,0,"0"
"360290120033","Block Group 3, Census Tract 120.03, Erie County, New York",96293,10179,2396,436,0,"0"
"360290079051","Block Group 1, Census Tract 79.05, Erie County, New York",64632,11019,1258,503,0,"0"
"360290135024","Block Group 4, Census Tract 135.02, Erie County, New York",112188,71592,1225,476,0,"0"
"360290109024","Block Group 4, Census Tract 109.02, Erie County, New York",43870,4866,737,254,3,"407"
"360290052022","Block Group 2, Census Tract 52.02, Erie County, New York",47500,12441,1334,311,28,"2099"
"360290058024","Block Group 4, Census Tract 58.02, Erie County, New York",30590,15556,2104,693,33,"1568"
"360290151011","Block Group 1, Census Tract 151.01, Erie County, New York",75182,9078,1992,247,0,"0"
"360290079026","Block Group 6, Census Tract 79.02, Erie County, New York",60333,18201,378,145,0,"0"
"360290152021","Block Group 1, Census Tract 152.02, Erie County, New York",89342,26321,1278,355,0,"0"
"360290139001","Block Group 1, Census Tract 139, Erie County, New York",80298,10555,2341,244,0,"0"
"360290091133","Block Group 3, Census Tract 91.13, Erie County, New York",126500,32182,2417,438,0,"0"
"360290010001","Block Group 1, Census Tract 10, Erie County, New York",53393,13010,1819,604,24,"1319"
"360290017002","Block Group 2, Census Tract 17, Erie County, New York",,,783,368,23,"2937"
"360290101021","Block Group 1, Census Tract 101.02, Erie County, New York",39492,5001,1159,254,2,"173"
"360290105002","Block Group 2, Census Tract 105, Erie County, New York",57875,17560,932,370,1,"107"
"360290037001","Block Group 1, Census Tract 37, Erie County, New York",41929,13905,1514,536,50,"3303"
"360290070002","Block Group 2, Census Tract 70, Erie County, New York",21214,9513,868,279,24,"2765"
"360290096022","Block Group 2, Census Tract 96.02, Erie County, New York",109803,36012,1964,424,0,"0"
"360290072021","Block Group 1, Census Tract 72.02, Erie County, New York",35846,8953,1584,229,7,"442"
"360290001103","Block Group 3, Census Tract 1.10, Erie County, New York",41389,22136,781,245,22,"2817"
"360290152023","Block Group 3, Census Tract 152.02, Erie County, New York",78819,25551,1944,485,0,"0"
"360290043006","Block Group 6, Census Tract 43, Erie County, New York",37985,20264,692,444,44,"6358"
"360290061001","Block Group 1, Census Tract 61, Erie County, New York",28346,9443,1045,362,32,"3062"
"360290076003","Block Group 3, Census Tract 76, Erie County, New York",58667,11783,835,243,0,"0"
"360290090102","Block Group 2, Census Tract 90.10, Erie County, New York",155069,34570,2237,459,0,"0"
"360290091161","Block Group 1, Census Tract 91.16, Erie County, New York",37974,18006,837,407,1,"119"
"360290091164","Block Group 4, Census Tract 91.16, Erie County, New York",59730,24104,1808,335,0,"0"
"360290102013","Block Group 3, Census Tract 102.01, Erie County, New York",73214,27771,614,205,4,"651"
"360290108092","Block Group 2, Census Tract 108.09, Erie County, New York",88545,5331,1504,250,0,"0"
"360290141022","Block Group 2, Census Tract 141.02, Erie County, New York",88384,25639,2248,783,0,"0"
"360290147012","Block Group 2, Census Tract 147.01, Erie County, New York",176250,103283,1636,540,0,"0"
"360290154023","Block Group 3, Census Tract 154.02, Erie County, New York",108906,55221,1080,254,0,"0"
"360290154024","Block Group 4, Census Tract 154.02, Erie County, New York",33678,13279,1365,378,0,"0"
"360290089002","Block Group 2, Census Tract 89, Erie County, New York",76964,48024,610,214,1,"164"
"360290137013","Block Group 3, Census Tract 137.01, Erie County, New York",77958,61864,814,287,0,"0"
"360290153023","Block Group 3, Census Tract 153.02, Erie County, New York",88750,17482,995,363,0,"0"
"360290007002","Block Group 2, Census Tract 7, Erie County, New York",87628,24223,775,296,2,"258"
"360290144002","Block Group 2, Census Tract 144, Erie County, New York",50534,14425,1210,411,0,"0"
"360290117002","Block Group 2, Census Tract 117, Erie County, New York",85507,16389,1132,276,0,"0"
"360290159001","Block Group 1, Census Tract 159, Erie County, New York",48938,18259,2222,314,0,"0"
"360290073043","Block Group 3, Census Tract 73.04, Erie County, New York",126101,26881,2737,467,0,"0"
"360290090101","Block Group 1, Census Tract 90.10, Erie County, New York",103682,60569,1150,468,0,"0"
"360290129043","Block Group 3, Census Tract 129.04, Erie County, New York",40083,19892,984,218,1,"102"
"360290098002","Block Group 2, Census Tract 98, Erie County, New York",69583,20385,682,242,0,"0"
"360290033013","Block Group 3, Census Tract 33.01, Erie County, New York",37917,16022,1482,577,55,"3711"
"360290054004","Block Group 4, Census Tract 54, Erie County, New York",59738,35312,1097,376,0,"0"
"360290109011","Block Group 1, Census Tract 109.01, Erie County, New York",58967,13647,472,112,0,"0"
"360290095031","Block Group 1, Census Tract 95.03, Erie County, New York",114276,68887,864,182,0,"0"
"360290005001","Block Group 1, Census Tract 5, Erie County, New York",28750,4651,1064,249,16,"1504"
"360290151012","Block Group 2, Census Tract 151.01, Erie County, New York",78654,21437,649,195,0,"0"
"360290138024","Block Group 4, Census Tract 138.02, Erie County, New York",112143,80001,981,311,0,"0"
"360290069012","Block Group 2, Census Tract 69.01, Erie County, New York",38924,32416,960,692,21,"2188"
"360290070003","Block Group 3, Census Tract 70, Erie County, New York",41019,15812,887,330,17,"1917"
"360290067013","Block Group 3, Census Tract 67.01, Erie County, New York",31434,20355,374,293,8,"2139"
"360290083002","Block Group 2, Census Tract 83, Erie County, New York",33958,31215,609,371,0,"0"
"360290174004","Block Group 4, Census Tract 174, Erie County, New York",13750,10684,214,142,0,"0"
"360290091121","Block Group 1, Census Tract 91.12, Erie County, New York",31250,17683,1965,285,0,"0"
"360290010005","Block Group 5, Census Tract 10, Erie County, New York",56250,40384,2344,772,66,"2816"
"360290067024","Block Group 4, Census Tract 67.02, Erie County, New York",32250,7350,487,161,7,"1437"
"360290102021","Block Group 1, Census Tract 102.02, Erie County, New York",37254,8629,1724,515,15,"870"
"360290113002","Block Group 2, Census Tract 113, Erie County, New York",78023,7212,1849,467,0,"0"
"360290047021","Block Group 1, Census Tract 47.02, Erie County, New York",41548,26954,983,446,32,"3255"
"360290090112","Block Group 2, Census Tract 90.11, Erie County, New York",91146,30917,1295,290,0,"0"
"360290040021","Block Group 1, Census Tract 40.02, Erie County, New York",33462,31470,490,251,30,"6122"
"360290010002","Block Group 2, Census Tract 10, Erie County, New York",,,512,280,9,"1758"
"360290108031","Block Group 1, Census Tract 108.03, Erie County, New York",70282,12328,1245,251,0,"0"
"360290157001","Block Group 1, Census Tract 157, Erie County, New York",68456,16043,1236,266,0,"0"
"360290057002","Block Group 2, Census Tract 57, Erie County, New York",28136,13392,1036,414,22,"2124"
"360290091071","Block Group 1, Census Tract 91.07, Erie County, New York",60388,27677,2062,858,2,"97"
"360290057003","Block Group 3, Census Tract 57, Erie County, New York",34196,13075,1330,524,29,"2180"
"360290008004","Block Group 4, Census Tract 8, Erie County, New York",113750,25567,504,171,3,"595"
"360290145021","Block Group 1, Census Tract 145.02, Erie County, New York",34545,26537,792,272,0,"0"
"360290115002","Block Group 2, Census Tract 115, Erie County, New York",43580,17348,551,158,3,"544"
"360290017001","Block Group 1, Census Tract 17, Erie County, New York",18845,2704,1165,224,40,"3433"
"360290027043","Block Group 3, Census Tract 27.04, Erie County, New York",,,620,243,14,"2258"
"360290140001","Block Group 1, Census Tract 140, Erie County, New York",94856,28763,1601,267,0,"0"
"360290103002","Block Group 2, Census Tract 103, Erie County, New York",29697,22830,589,205,7,"1188"
"360290051001","Block Group 1, Census Tract 51, Erie County, New York",55799,20431,1963,606,25,"1274"
"360290015003","Block Group 3, Census Tract 15, Erie County, New York",38000,34975,342,94,19,"5556"
"360290103001","Block Group 1, Census Tract 103, Erie County, New York",39464,16792,589,197,4,"679"
"360290069031","Block Group 1, Census Tract 69.03, Erie County, New York",51429,17156,1612,419,30,"1861"
"360290045001","Block Group 1, Census Tract 45, Erie County, New York",49860,10941,632,240,17,"2690"
"360290091122","Block Group 2, Census Tract 91.12, Erie County, New York",26833,15840,816,169,0,"0"
"360290089004","Block Group 4, Census Tract 89, Erie County, New York",83500,28584,774,227,0,"0"
"360290150011","Block Group 1, Census Tract 150.01, Erie County, New York",71573,19157,1748,399,0,"0"
"360290089003","Block Group 3, Census Tract 89, Erie County, New York",108036,51700,793,209,1,"126"
"360290109013","Block Group 3, Census Tract 109.01, Erie County, New York",64896,18241,990,236,1,"101"
"360290117001","Block Group 1, Census Tract 117, Erie County, New York",34479,33647,621,157,1,"161"
"360290029002","Block Group 2, Census Tract 29, Erie County, New York",16875,8378,177,92,16,"9040"
"360290125012","Block Group 2, Census Tract 125.01, Erie County, New York",59375,18443,451,226,1,"222"
"360290125021","Block Group 1, Census Tract 125.02, Erie County, New York",47371,10294,1033,259,0,"0"
"360290077003","Block Group 3, Census Tract 77, Erie County, New York",55341,18957,1009,321,0,"0"
"360290080013","Block Group 3, Census Tract 80.01, Erie County, New York",,,499,282,0,"0"
"360290078001","Block Group 1, Census Tract 78, Erie County, New York",72581,41063,672,255,0,"0"
"360290131013","Block Group 3, Census Tract 131.01, Erie County, New York",75833,23096,1144,359,0,"0"
"360290146012","Block Group 2, Census Tract 146.01, Erie County, New York",107629,19227,2616,460,1,"38"
"360290086001","Block Group 1, Census Tract 86, Erie County, New York",95156,23423,936,699,2,"214"
"360290101014","Block Group 4, Census Tract 101.01, Erie County, New York",53841,10622,1213,298,2,"165"
"360290080021","Block Group 1, Census Tract 80.02, Erie County, New York",60167,35917,615,177,2,"325"
"360290147011","Block Group 1, Census Tract 147.01, Erie County, New York",102364,5155,1237,420,0,"0"
"360290138012","Block Group 2, Census Tract 138.01, Erie County, New York",95227,26436,1615,312,0,"0"
"360290035011","Block Group 1, Census Tract 35.01, Erie County, New York",,,312,113,19,"6090"
"360290129041","Block Group 1, Census Tract 129.04, Erie County, New York",65087,7002,1813,480,2,"110"
"360290171005","Block Group 5, Census Tract 171, Erie County, New York",18864,8265,686,244,21,"3061"
"360290024005","Block Group 5, Census Tract 24, Erie County, New York",20815,4800,778,296,64,"8226"
"360290008003","Block Group 3, Census Tract 8, Erie County, New York",54531,17351,1906,602,10,"525"
"360290073062","Block Group 2, Census Tract 73.06, Erie County, New York",76563,56156,788,279,0,"0"
"360290108082","Block Group 2, Census Tract 108.08, Erie County, New York",41382,13921,538,170,0,"0"
"360290091163","Block Group 3, Census Tract 91.16, Erie County, New York",82788,48278,1300,458,0,"0"
"360290123001","Block Group 1, Census Tract 123, Erie County, New York",41601,7327,626,373,2,"319"
"360290005002","Block Group 2, Census Tract 5, Erie County, New York",,,582,227,5,"859"
"360290085002","Block Group 2, Census Tract 85, Erie County, New York",83636,15193,1236,222,1,"81"
"360290046012","Block Group 2, Census Tract 46.01, Erie County, New York",49395,42003,1126,434,11,"977"
"360290100032","Block Group 2, Census Tract 100.03, Erie County, New York",66750,15519,1153,222,0,"0"
"360290054001","Block Group 1, Census Tract 54, Erie County, New York",47222,18069,1233,235,7,"568"
"360290001101","Block Group 1, Census Tract 1.10, Erie County, New York",38824,27833,461,195,7,"1518"
"360290171003","Block Group 3, Census Tract 171, Erie County, New York",26000,21002,620,239,24,"3871"
"360290063021","Block Group 1, Census Tract 63.02, Erie County, New York",68750,21275,856,274,1,"117"
"360290051002","Block Group 2, Census Tract 51, Erie County, New York",23631,22006,887,297,16,"1804"
"360290073032","Block Group 2, Census Tract 73.03, Erie County, New York",74653,29823,2358,535,0,"0"
"360290108091","Block Group 1, Census Tract 108.09, Erie County, New York",75963,4657,1380,256,0,"0"
"360290108032","Block Group 2, Census Tract 108.03, Erie County, New York",56842,6726,630,123,0,"0"
"360290056003","Block Group 3, Census Tract 56, Erie County, New York",22679,16257,1167,660,35,"2999"
"360290090042","Block Group 2, Census Tract 90.04, Erie County, New York",117719,28186,2102,564,0,"0"
"360290082012","Block Group 2, Census Tract 82.01, Erie County, New York",48229,27963,764,166,0,"0"
"360290131041","Block Group 1, Census Tract 131.04, Erie County, New York",107898,36082,2149,562,0,"0"
"360290061005","Block Group 5, Census Tract 61, Erie County, New York",54861,30493,821,453,19,"2314"
"360290143003","Block Group 3, Census Tract 143, Erie County, New York",51058,21592,1025,345,0,"0"
"360290068011","Block Group 1, Census Tract 68.01, Erie County, New York",58462,10939,1235,491,11,"891"
"360290080024","Block Group 4, Census Tract 80.02, Erie County, New York",71647,17471,1261,328,0,"0"
"360290102023","Block Group 3, Census Tract 102.02, Erie County, New York",68594,16214,1194,341,1,"84"
"360290155032","Block Group 2, Census Tract 155.03, Erie County, New York",52112,14994,1197,229,0,"0"
"360290168011","Block Group 1, Census Tract 168.01, Erie County, New York",21754,6237,1017,408,46,"4523"
"360290146051","Block Group 1, Census Tract 146.05, Erie County, New York",95174,29067,2952,429,0,"0"
"360290135015","Block Group 5, Census Tract 135.01, Erie County, New York",105536,49526,1026,345,0,"0"
"360290149035","Block Group 5, Census Tract 149.03, Erie County, New York",75402,19301,1504,480,0,"0"
"360290158003","Block Group 3, Census Tract 158, Erie County, New York",56250,31036,1988,339,0,"0"
"360290073064","Block Group 4, Census Tract 73.06, Erie County, New York",111311,31189,1274,335,0,"0"
"360290081015","Block Group 5, Census Tract 81.01, Erie County, New York",,,1293,484,0,"0"
"360290108043","Block Group 3, Census Tract 108.04, Erie County, New York",56962,2908,1427,361,2,"140"
"360290134006","Block Group 6, Census Tract 134, Erie County, New York",95721,27016,2118,351,0,"0"
"360290093022","Block Group 2, Census Tract 93.02, Erie County, New York",71024,5019,1602,512,2,"125"
"360290015002","Block Group 2, Census Tract 15, Erie County, New York",,,304,114,29,"9539"
"360290067022","Block Group 2, Census Tract 67.02, Erie County, New York",46625,33118,1255,590,9,"717"
"360290153022","Block Group 2, Census Tract 153.02, Erie County, New York",59643,18573,1091,257,0,"0"
"360290131015","Block Group 5, Census Tract 131.01, Erie County, New York",60521,19571,1369,423,0,"0"
"360290132011","Block Group 1, Census Tract 132.01, Erie County, New York",54648,7772,2105,407,0,"0"
"360290120022","Block Group 2, Census Tract 120.02, Erie County, New York",94792,26262,1048,187,0,"0"
"360290108053","Block Group 3, Census Tract 108.05, Erie County, New York",70358,4457,2100,569,0,"0"
"360290082023","Block Group 3, Census Tract 82.02, Erie County, New York",49063,5708,806,238,0,"0"
"360290040031","Block Group 1, Census Tract 40.03, Erie County, New York",25357,5558,1138,310,34,"2988"
"360290031001","Block Group 1, Census Tract 31, Erie County, New York",25800,9377,601,345,30,"4992"
"360290154022","Block Group 2, Census Tract 154.02, Erie County, New York",97563,40922,843,281,0,"0"
"360290036002","Block Group 2, Census Tract 36, Erie County, New York",32976,25558,424,196,18,"4245"
"360290131016","Block Group 6, Census Tract 131.01, Erie County, New York",57411,20835,1298,344,0,"0"
"360290146062","Block Group 2, Census Tract 146.06, Erie County, New York",111354,42396,1666,369,0,"0"
"360290056004","Block Group 4, Census Tract 56, Erie County, New York",26038,7259,1154,327,43,"3726"
"360290149011","Block Group 1, Census Tract 149.01, Erie County, New York",71157,8840,1515,165,0,"0"
"360290107003","Block Group 3, Census Tract 107, Erie County, New York",47667,29165,663,255,1,"151"
"360290044014","Block Group 4, Census Tract 44.01, Erie County, New York",42114,7706,753,213,15,"1992"
"360290145022","Block Group 2, Census Tract 145.02, Erie County, New York",61875,8408,1401,277,0,"0"
"360290050003","Block Group 3, Census Tract 50, Erie County, New York",66852,14508,776,237,8,"1031"
"360290093015","Block Group 5, Census Tract 93.01, Erie County, New York",34207,23494,772,190,2,"259"
"360290002004","Block Group 4, Census Tract 2, Erie County, New York",46118,4744,995,287,23,"2312"
"360290066021","Block Group 1, Census Tract 66.02, Erie County, New York",,,918,362,6,"654"
"360290120011","Block Group 1, Census Tract 120.01, Erie County, New York",62885,16570,1350,289,5,"370"
"360290164001","Block Group 1, Census Tract 164, Erie County, New York",,,718,205,44,"6128"
"360290155042","Block Group 2, Census Tract 155.04, Erie County, New York",63269,40357,1120,356,0,"0"
"360290088001","Block Group 1, Census Tract 88, Erie County, New York",63438,19772,712,230,2,"281"
"360290131012","Block Group 2, Census Tract 131.01, Erie County, New York",73516,50672,835,303,0,"0"
"360290150032","Block Group 2, Census Tract 150.03, Erie County, New York",33913,18086,1154,242,1,"87"
"360290081014","Block Group 4, Census Tract 81.01, Erie County, New York",62885,7777,963,270,1,"104"
"360290118002","Block Group 2, Census Tract 118, Erie County, New York",71375,23528,830,153,0,"0"
"360290130022","Block Group 2, Census Tract 130.02, Erie County, New York",80391,34696,1777,721,0,"0"
"360290130012","Block Group 2, Census Tract 130.01, Erie County, New York",,,497,144,1,"201"
"360290131042","Block Group 2, Census Tract 131.04, Erie County, New York",53333,19549,952,350,0,"0"
"360290090084","Block Group 4, Census Tract 90.08, Erie County, New York",68938,43148,1369,332,0,"0"
"360290079054","Block Group 4, Census Tract 79.05, Erie County, New York",69538,25491,1335,263,0,"0"
"360290113004","Block Group 4, Census Tract 113, Erie County, New York",36111,22347,1238,296,0,"0"
"360290131043","Block Group 3, Census Tract 131.04, Erie County, New York",111765,49480,1473,319,0,"0"
"360290095041","Block Group 1, Census Tract 95.04, Erie County, New York",76250,21493,719,259,0,"0"
"360290146061","Block Group 1, Census Tract 146.06, Erie County, New York",186471,82783,2533,391,0,"0"
"360290142043","Block Group 3, Census Tract 142.04, Erie County, New York",48462,9447,1178,399,0,"0"
"360290129032","Block Group 2, Census Tract 129.03, Erie County, New York",75982,49682,664,298,0,"0"
"360290132023","Block Group 3, Census Tract 132.02, Erie County, New York",102361,15528,1833,370,0,"0"
"360290112011","Block Group 1, Census Tract 112.01, Erie County, New York",95815,32116,1979,531,0,"0"
"360290173022","Block Group 2, Census Tract 173.02, Erie County, New York",41985,35766,1453,465,0,"0"
"360290016021","Block Group 1, Census Tract 16.02, Erie County, New York",17250,5784,1165,312,83,"7124"
"360290073033","Block Group 3, Census Tract 73.03, Erie County, New York",117500,31700,1620,387,0,"0"
"360290132014","Block Group 4, Census Tract 132.01, Erie County, New York",130313,25916,2397,719,0,"0"
"360290147014","Block Group 4, Census Tract 147.01, Erie County, New York",109375,32808,1197,293,0,"0"
"360290173023","Block Group 3, Census Tract 173.02, Erie County, New York",76009,5901,1734,269,0,"0"
"360290129023","Block Group 3, Census Tract 129.02, Erie County, New York",45811,15749,531,190,0,"0"
"360290082021","Block Group 1, Census Tract 82.02, Erie County, New York",49886,8891,931,278,1,"107"
"360290131032","Block Group 2, Census Tract 131.03, Erie County, New York",121761,20008,3109,770,0,"0"
"360290044021","Block Group 1, Census Tract 44.02, Erie County, New York",11746,6566,1600,493,76,"4750"
"360290145012","Block Group 2, Census Tract 145.01, Erie County, New York",68355,12682,1800,308,0,"0"
"360290157003","Block Group 3, Census Tract 157, Erie County, New York",62917,19085,626,174,0,"0"
"360290108042","Block Group 2, Census Tract 108.04, Erie County, New York",85167,13545,1126,599,0,"0"
"360290175012","Block Group 2, Census Tract 175.01, Erie County, New York",42935,6497,1149,476,0,"0"
"360290142061","Block Group 1, Census Tract 142.06, Erie County, New York",131373,30930,2727,549,0,"0"
"360290147031","Block Group 1, Census Tract 147.03, Erie County, New York",182647,88517,2123,497,0,"0"
"360290148052","Block Group 2, Census Tract 148.05, Erie County, New York",100987,25940,1473,327,0,"0"
"360290138023","Block Group 3, Census Tract 138.02, Erie County, New York",,,696,217,0,"0"
"360290014041","Block Group 1, Census Tract 14.04, Erie County, New York",10787,7217,487,165,19,"3901"
"360290027041","Block Group 1, Census Tract 27.04, Erie County, New York",,,1199,632,14,"1168"
"360290071032","Block Group 2, Census Tract 71.03, Erie County, New York",13147,12324,1168,453,29,"2483"
"360290067014","Block Group 4, Census Tract 67.01, Erie County, New York",66520,11308,702,198,6,"855"
"360290049011","Block Group 1, Census Tract 49.01, Erie County, New York",,,733,322,8,"1091"
"360290090093","Block Group 3, Census Tract 90.09, Erie County, New York",83516,19885,2074,361,0,"0"
"360290168012","Block Group 2, Census Tract 168.01, Erie County, New York",,,777,214,40,"5148"
"360290147043","Block Group 3, Census Tract 147.04, Erie County, New York",52112,18197,1683,408,0,"0"
"360290138025","Block Group 5, Census Tract 138.02, Erie County, New York",109102,21992,1314,343,0,"0"
"360290068021","Block Group 1, Census Tract 68.02, Erie County, New York",41477,12488,703,210,12,"1707"
"360290147033","Block Group 3, Census Tract 147.03, Erie County, New York",139813,28514,1974,654,0,"0"
"360290073061","Block Group 1, Census Tract 73.06, Erie County, New York",55043,11455,1111,278,0,"0"
"360290040033","Block Group 3, Census Tract 40.03, Erie County, New York",,,1246,396,43,"3451"
"360290040032","Block Group 2, Census Tract 40.03, Erie County, New York",26307,12657,740,296,20,"2703"
"360299804001","Block Group 1, Census Tract 9804, Erie County, New York",,,1502,229,0,"0"
"360290094011","Block Group 1, Census Tract 94.01, Erie County, New York",48897,15932,2516,570,0,"0"
"360290140002","Block Group 2, Census Tract 140, Erie County, New York",70294,14241,2187,254,0,"0"
"360299401001","Block Group 1, Census Tract 9401, Erie County, New York",,,13,16,0,"0"
"360290046014","Block Group 4, Census Tract 46.01, Erie County, New York",86250,20305,781,194,4,"512"
"360290041003","Block Group 3, Census Tract 41, Erie County, New York",40972,26019,603,249,26,"4312"
"360290170003","Block Group 3, Census Tract 170, Erie County, New York",32071,2135,381,241,22,"5774"
"360290090111","Block Group 1, Census Tract 90.11, Erie County, New York",113875,34846,1511,235,0,"0"
"360290037003","Block Group 3, Census Tract 37, Erie County, New York",23333,9686,270,187,35,"12963"
"360290109021","Block Group 1, Census Tract 109.02, Erie County, New York",61705,24725,998,289,1,"100"
"360290080026","Block Group 6, Census Tract 80.02, Erie County, New York",103902,29840,804,249,0,"0"
"360290080025","Block Group 5, Census Tract 80.02, Erie County, New York",,,1299,741,3,"231"
"360290141012","Block Group 2, Census Tract 141.01, Erie County, New York",83646,40811,1864,349,0,"0"
"360290047022","Block Group 2, Census Tract 47.02, Erie County, New York",48750,13260,1656,652,69,"4167"
"360290007004","Block Group 4, Census Tract 7, Erie County, New York",50917,20220,1049,293,9,"858"
"360290155031","Block Group 1, Census Tract 155.03, Erie County, New York",52936,11376,1263,326,0,"0"
"360290080032","Block Group 2, Census Tract 80.03, Erie County, New York",37433,29336,908,414,2,"220"
"360290009001","Block Group 1, Census Tract 9, Erie County, New York",60962,21848,813,276,15,"1845"
"360290165001","Block Group 1, Census Tract 165, Erie County, New York",74643,36266,1182,218,20,"1692"
"360290100021","Block Group 1, Census Tract 100.02, Erie County, New York",42379,7882,1630,411,2,"123"
"360290175011","Block Group 1, Census Tract 175.01, Erie County, New York",47813,18386,426,149,0,"0"
"360290031002","Block Group 2, Census Tract 31, Erie County, New York",42656,3920,690,371,16,"2319"
"360290066012","Block Group 2, Census Tract 66.01, Erie County, New York",86307,9711,1552,552,8,"515"
"360290058012","Block Group 2, Census Tract 58.01, Erie County, New York",19414,15994,1383,365,19,"1374"
"360290163002","Block Group 2, Census Tract 163, Erie County, New York",31425,2645,446,200,26,"5830"
"360290051004","Block Group 4, Census Tract 51, Erie County, New York",47889,31379,1022,435,23,"2250"
"360290095042","Block Group 2, Census Tract 95.04, Erie County, New York",57917,27408,2546,1094,0,"0"
"360290056001","Block Group 1, Census Tract 56, Erie County, New York",12012,10745,478,205,20,"4184"
"360290097024","Block Group 4, Census Tract 97.02, Erie County, New York",66645,7757,1363,336,0,"0"
"360290108071","Block Group 1, Census Tract 108.07, Erie County, New York",54500,17573,1639,349,1,"61"
"360290090092","Block Group 2, Census Tract 90.09, Erie County, New York",184183,71842,2602,839,1,"38"
"360290043003","Block Group 3, Census Tract 43, Erie County, New York",52526,27827,479,365,48,"10021"
"360290108073","Block Group 3, Census Tract 108.07, Erie County, New York",62935,59724,930,422,0,"0"
"360290041001","Block Group 1, Census Tract 41, Erie County, New York",26437,2210,1653,595,76,"4598"
"360290136003","Block Group 3, Census Tract 136, Erie County, New York",85764,28270,587,163,0,"0"
"360290107002","Block Group 2, Census Tract 107, Erie County, New York",85640,3955,597,180,1,"168"
"360290116001","Block Group 1, Census Tract 116, Erie County, New York",53441,2545,1439,440,1,"69"
"360290087003","Block Group 3, Census Tract 87, Erie County, New York",76865,24401,1184,306,0,"0"
"360290142071","Block Group 1, Census Tract 142.07, Erie County, New York",88583,25097,921,245,0,"0"
"360290152011","Block Group 1, Census Tract 152.01, Erie County, New York",74773,10732,1189,294,0,"0"
"360290169001","Block Group 1, Census Tract 169, Erie County, New York",100179,48839,946,365,3,"317"
"360290173012","Block Group 2, Census Tract 173.01, Erie County, New York",70167,15823,890,256,0,"0"
"360290094015","Block Group 5, Census Tract 94.01, Erie County, New York",91000,42504,529,163,0,"0"
"360290086003","Block Group 3, Census Tract 86, Erie County, New York",26207,11329,575,208,1,"174"
"360290110001","Block Group 1, Census Tract 110, Erie County, New York",41184,15158,580,127,0,"0"
"360290101012","Block Group 2, Census Tract 101.01, Erie County, New York",42337,25726,1401,325,1,"71"
"360290073042","Block Group 2, Census Tract 73.04, Erie County, New York",104861,55517,559,255,0,"0"
"360290111002","Block Group 2, Census Tract 111, Erie County, New York",58875,11121,618,164,3,"485"
"360290019001","Block Group 1, Census Tract 19, Erie County, New York",44200,16507,1190,317,34,"2857"
"360290025023","Block Group 3, Census Tract 25.02, Erie County, New York",,,719,251,53,"7371"
"360290164004","Block Group 4, Census Tract 164, Erie County, New York",35595,34630,673,497,11,"1634"
"360290138011","Block Group 1, Census Tract 138.01, Erie County, New York",,,572,325,0,"0"
"360290086002","Block Group 2, Census Tract 86, Erie County, New York",102782,49306,782,250,0,"0"
"360290108041","Block Group 1, Census Tract 108.04, Erie County, New York",68933,8202,1971,499,0,"0"
"360290073031","Block Group 1, Census Tract 73.03, Erie County, New York",56964,28161,632,242,0,"0"
"360290079025","Block Group 5, Census Tract 79.02, Erie County, New York",80360,17676,1120,333,0,"0"
"360290087002","Block Group 2, Census Tract 87, Erie County, New York",72950,39866,736,244,2,"272"
"360290065012","Block Group 2, Census Tract 65.01, Erie County, New York",106875,60359,734,286,3,"409"
"360290028021","Block Group 1, Census Tract 28.02, Erie County, New York",27222,6181,955,225,41,"4293"
"360290149034","Block Group 4, Census Tract 149.03, Erie County, New York",54521,22739,1646,544,0,"0"
"360290023002","Block Group 2, Census Tract 23, Erie County, New York",26010,5801,891,430,26,"2918"
"360290079022","Block Group 2, Census Tract 79.02, Erie County, New York",71838,17495,686,240,0,"0"
"360290042003","Block Group 3, Census Tract 42, Erie County, New York",26595,11538,791,325,29,"3666"
"360290063023","Block Group 3, Census Tract 63.02, Erie County, New York",62019,39673,386,140,1,"259"
"360290066022","Block Group 2, Census Tract 66.02, Erie County, New York",57917,24075,830,189,2,"241"
"360290069042","Block Group 2, Census Tract 69.04, Erie County, New York",34375,11976,439,173,11,"2506"
"360299805001","Block Group 1, Census Tract 9805, Erie County, New York",,,1026,275,1,"97"
"360290108081","Block Group 1, Census Tract 108.08, Erie County, New York",59294,13743,2186,493,0,"0"
"360290081021","Block Group 1, Census Tract 81.02, Erie County, New York",64000,47113,910,247,1,"110"
"360290148011","Block Group 1, Census Tract 148.01, Erie County, New York",53750,30764,799,242,0,"0"
"360290080031","Block Group 1, Census Tract 80.03, Erie County, New York",46061,16377,771,222,2,"259"
"360290142093","Block Group 3, Census Tract 142.09, Erie County, New York",122941,33213,789,221,0,"0"
"360290130011","Block Group 1, Census Tract 130.01, Erie County, New York",36250,28608,1009,263,0,"0"
"360290059003","Block Group 3, Census Tract 59, Erie County, New York",22974,14933,696,375,18,"2586"
"360290150013","Block Group 3, Census Tract 150.01, Erie County, New York",44397,21600,1001,331,0,"0"
"360290081024","Block Group 4, Census Tract 81.02, Erie County, New York",95114,39203,640,152,0,"0"
"360290080034","Block Group 4, Census Tract 80.03, Erie County, New York",72202,6456,1288,436,2,"155"
"360290146033","Block Group 3, Census Tract 146.03, Erie County, New York",138214,23708,736,273,0,"0"
"360290028011","Block Group 1, Census Tract 28.01, Erie County, New York",10711,4094,832,398,48,"5769"
"360290142073","Block Group 3, Census Tract 142.07, Erie County, New York",41526,9141,1207,272,0,"0"
"360290115001","Block Group 1, Census Tract 115, Erie County, New York",45227,23419,848,221,0,"0"
"360290169002","Block Group 2, Census Tract 169, Erie County, New York",86625,19530,671,186,1,"149"
"360290114002","Block Group 2, Census Tract 114, Erie County, New York",33448,7778,1564,264,7,"448"
"360290002003","Block Group 3, Census Tract 2, Erie County, New York",49542,22525,1411,386,14,"992"
"360290034002","Block Group 2, Census Tract 34, Erie County, New York",32938,23637,582,266,25,"4296"
"360290067011","Block Group 1, Census Tract 67.01, Erie County, New York",30784,7524,722,254,8,"1108"
"360290094014","Block Group 4, Census Tract 94.01, Erie County, New York",87404,35706,951,281,0,"0"
"360290029004","Block Group 4, Census Tract 29, Erie County, New York",39241,8291,775,316,32,"4129"
"360290125014","Block Group 4, Census Tract 125.01, Erie County, New York",76741,39436,739,301,0,"0"
"360290073063","Block Group 3, Census Tract 73.06, Erie County, New York",185612,183849,813,564,0,"0"
"360290130023","Block Group 3, Census Tract 130.02, Erie County, New York",93393,9834,1380,351,0,"0"
"360290046013","Block Group 3, Census Tract 46.01, Erie County, New York",44154,25274,733,268,12,"1637"
"360290164005","Block Group 5, Census Tract 164, Erie County, New York",14583,13695,59,42,7,"11864"
"360290049012","Block Group 2, Census Tract 49.01, Erie County, New York",43455,32837,814,391,4,"491"
"360290142074","Block Group 4, Census Tract 142.07, Erie County, New York",99208,19766,1698,668,0,"0"
"360290027031","Block Group 1, Census Tract 27.03, Erie County, New York",15025,4710,1149,246,47,"4091"
"360290113001","Block Group 1, Census Tract 113, Erie County, New York",60179,17196,671,182,0,"0"
"360290090122","Block Group 2, Census Tract 90.12, Erie County, New York",72054,33617,1293,259,1,"77"
"360290086004","Block Group 4, Census Tract 86, Erie County, New York",83382,42879,812,277,1,"123"
"360290084001","Block Group 1, Census Tract 84, Erie County, New York",,,771,329,15,"1946"
"360290082013","Block Group 3, Census Tract 82.01, Erie County, New York",52313,35427,1048,223,0,"0"
"360290042002","Block Group 2, Census Tract 42, Erie County, New York",33571,29477,604,276,23,"3808"
"360290023004","Block Group 4, Census Tract 23, Erie County, New York",23708,6354,1131,281,34,"3006"
"360290034001","Block Group 1, Census Tract 34, Erie County, New York",,,621,394,52,"8374"
"360290079033","Block Group 3, Census Tract 79.03, Erie County, New York",62308,15021,1124,306,0,"0"
"360290102022","Block Group 2, Census Tract 102.02, Erie County, New York",53625,50716,1154,1235,2,"173"
"360290079021","Block Group 1, Census Tract 79.02, Erie County, New York",,,898,387,0,"0"
"360290006003","Block Group 3, Census Tract 6, Erie County, New York",59750,28369,488,176,7,"1434"
"360290079013","Block Group 3, Census Tract 79.01, Erie County, New York",101979,55237,1075,544,0,"0"
"360290079041","Block Group 1, Census Tract 79.04, Erie County, New York",73500,14275,1174,199,0,"0"
"360290129021","Block Group 1, Census Tract 129.02, Erie County, New York",79290,13637,1720,327,0,"0"
"360290129022","Block Group 2, Census Tract 129.02, Erie County, New York",54942,18813,1682,512,0,"0"
"360290156002","Block Group 2, Census Tract 156, Erie County, New York",62500,10106,897,212,0,"0"
"360290010004","Block Group 4, Census Tract 10, Erie County, New York",20064,15448,567,284,21,"3704"
"360290135023","Block Group 3, Census Tract 135.02, Erie County, New York",,,2364,889,0,"0"
"360290037002","Block Group 2, Census Tract 37, Erie County, New York",19655,18776,796,346,65,"8166"
"360299400001","Block Group 1, Census Tract 9400, Erie County, New York",41932,24717,1101,199,0,"0"
"360290080035","Block Group 5, Census Tract 80.03, Erie County, New York",66406,42259,731,301,2,"274"
"360290073034","Block Group 4, Census Tract 73.03, Erie County, New York",104360,26787,1095,451,0,"0"
"360290036003","Block Group 3, Census Tract 36, Erie County, New York",38646,23262,385,186,22,"5714"
"360290093023","Block Group 3, Census Tract 93.02, Erie County, New York",93182,20153,641,219,2,"312"
"360290057001","Block Group 1, Census Tract 57, Erie County, New York",,,812,322,28,"3448"
"360290150031","Block Group 1, Census Tract 150.03, Erie County, New York",58836,16089,2196,240,0,"0"
"360290043002","Block Group 2, Census Tract 43, Erie County, New York",,,899,418,48,"5339"
"360290091062","Block Group 2, Census Tract 91.06, Erie County, New York",75313,11012,2361,612,0,"0"
"360290175021","Block Group 1, Census Tract 175.02, Erie County, New York",69107,27128,870,198,0,"0"
"360290101033","Block Group 3, Census Tract 101.03, Erie County, New York",54919,6129,619,152,0,"0"
"360290128001","Block Group 1, Census Tract 128, Erie County, New York",53810,19147,1008,157,0,"0"
"360290071041","Block Group 1, Census Tract 71.04, Erie County, New York",26167,14039,338,206,13,"3846"
"360290096021","Block Group 1, Census Tract 96.02, Erie County, New York",97917,51079,1079,297,1,"93"
"360290168021","Block Group 1, Census Tract 168.02, Erie County, New York",46777,11657,1233,596,35,"2839"
"360290172002","Block Group 2, Census Tract 172, Erie County, New York",29048,6989,383,115,0,"0"
"360290092004","Block Group 4, Census Tract 92, Erie County, New York",50536,38473,997,389,1,"100"
"360290136002","Block Group 2, Census Tract 136, Erie County, New York",91724,26424,1019,259,0,"0"
"360290090081","Block Group 1, Census Tract 90.08, Erie County, New York",50750,32753,1343,312,0,"0"
"360290148012","Block Group 2, Census Tract 148.01, Erie County, New York",43750,17615,1619,270,0,"0"
"360290066011","Block Group 1, Census Tract 66.01, Erie County, New York",,,336,165,23,"6845"
"360290166002","Block Group 2, Census Tract 166, Erie County, New York",19250,15678,407,195,17,"4177"
"360290172003","Block Group 3, Census Tract 172, Erie County, New York",39313,33817,752,261,0,"0"
"360290130021","Block Group 1, Census Tract 130.02, Erie County, New York",70188,19383,929,350,0,"0"
"360290048003","Block Group 3, Census Tract 48, Erie County, New York",104444,15800,1543,385,5,"324"
"360290035012","Block Group 2, Census Tract 35.01, Erie County, New York",16654,9910,1042,319,50,"4798"
"360290014031","Block Group 1, Census Tract 14.03, Erie County, New York",13412,2891,593,190,24,"4047"
"360290047011","Block Group 1, Census Tract 47.01, Erie County, New York",51104,30846,689,381,31,"4499"
"360299803001","Block Group 1, Census Tract 9803, Erie County, New York",,,2769,249,0,"0"
"360290131031","Block Group 1, Census Tract 131.03, Erie County, New York",79107,37794,1116,269,0,"0"
"360290131014","Block Group 4, Census Tract 131.01, Erie County, New York",55125,42770,524,197,0,"0"
"360290073035","Block Group 5, Census Tract 73.03, Erie County, New York",46466,12647,1335,343,0,"0"
"360290049022","Block Group 2, Census Tract 49.02, Erie County, New York",81144,44087,1198,370,17,"1419"
"360290090104","Block Group 4, Census Tract 90.10, Erie County, New York",123021,91544,2289,816,0,"0"
"360290071031","Block Group 1, Census Tract 71.03, Erie County, New York",50631,12010,332,187,12,"3614"
"360290071044","Block Group 4, Census Tract 71.04, Erie County, New York",14110,5546,1123,333,17,"1514"
"360290071043","Block Group 3, Census Tract 71.04, Erie County, New York",10760,3096,277,137,10,"3610"
"360290068023","Block Group 3, Census Tract 68.02, Erie County, New York",45284,14623,684,204,16,"2339"
"360290040022","Block Group 2, Census Tract 40.02, Erie County, New York",43272,32526,695,225,9,"1295"
"360290142063","Block Group 3, Census Tract 142.06, Erie County, New York",114528,49426,1420,485,0,"0"
"360290135014","Block Group 4, Census Tract 135.01, Erie County, New York",55048,34326,1834,569,0,"0"
"360290090121","Block Group 1, Census Tract 90.12, Erie County, New York",143355,33115,921,407,0,"0"
"360290173021","Block Group 1, Census Tract 173.02, Erie County, New York",73214,56683,1188,395,1,"84"
"360290027042","Block Group 2, Census Tract 27.04, Erie County, New York",41118,5190,292,217,4,"1370"
"360290095043","Block Group 3, Census Tract 95.04, Erie County, New York",87563,32270,1590,394,0,"0"
"360290049021","Block Group 1, Census Tract 49.02, Erie County, New York",66906,25309,1616,498,21,"1300"
"360290014032","Block Group 2, Census Tract 14.03, Erie County, New York",12478,11776,1497,418,32,"2138"
"360290120023","Block Group 3, Census Tract 120.02, Erie County, New York",87961,24461,1377,322,0,"0"
"360290147041","Block Group 1, Census Tract 147.04, Erie County, New York",122841,47743,1078,373,0,"0"
"360290090103","Block Group 3, Census Tract 90.10, Erie County, New York",128359,54855,759,282,0,"0"
"360290046011","Block Group 1, Census Tract 46.01, Erie County, New York",68529,33085,738,267,0,"0"
"360290133002","Block Group 2, Census Tract 133, Erie County, New York",73750,23548,753,235,0,"0"
"360290134002","Block Group 2, Census Tract 134, Erie County, New York",94808,64474,533,268,0,"0"
"360290095011","Block Group 1, Census Tract 95.01, Erie County, New York",112212,81592,743,347,0,"0"
"360290006001","Block Group 1, Census Tract 6, Erie County, New York",69858,16356,1942,418,21,"1081"
"360290044013","Block Group 3, Census Tract 44.01, Erie County, New York",38188,32383,1975,469,54,"2734"
"360290044011","Block Group 1, Census Tract 44.01, Erie County, New York",46094,12093,1018,343,20,"1965"
"360290006002","Block Group 2, Census Tract 6, Erie County, New York",89750,26323,918,325,5,"545"
"360290095032","Block Group 2, Census Tract 95.03, Erie County, New York",64785,6013,1409,279,3,"213"
"360290033024","Block Group 4, Census Tract 33.02, Erie County, New York",21210,981,899,329,22,"2447"
"360290091092","Block Group 2, Census Tract 91.09, Erie County, New York",54297,13058,2001,319,0,"0"
"360290118003","Block Group 3, Census Tract 118, Erie County, New York",78577,8063,2067,532,0,"0"
"360290080016","Block Group 6, Census Tract 80.01, Erie County, New York",86761,10317,1135,376,1,"88"
"360290125013","Block Group 3, Census Tract 125.01, Erie County, New York",40913,24048,1599,351,0,"0"
"360290024003","Block Group 3, Census Tract 24, Erie County, New York",30893,13444,521,220,30,"5758"
"360290034003","Block Group 3, Census Tract 34, Erie County, New York",32273,14038,627,334,26,"4147"
"360290112022","Block Group 2, Census Tract 112.02, Erie County, New York",69222,5238,890,238,0,"0"
"360290079042","Block Group 2, Census Tract 79.04, Erie County, New York",60714,28223,566,130,0,"0"
"360290149012","Block Group 2, Census Tract 149.01, Erie County, New York",36845,5182,1050,165,0,"0"
"360290128002","Block Group 2, Census Tract 128, Erie County, New York",27443,16351,626,181,2,"319"
"360290116002","Block Group 2, Census Tract 116, Erie County, New York",78221,13826,561,120,0,"0"
"360290069043","Block Group 3, Census Tract 69.04, Erie County, New York",25302,7220,935,295,9,"963"
"360290123004","Block Group 4, Census Tract 123, Erie County, New York",33073,18068,1162,289,0,"0"
"360290092003","Block Group 3, Census Tract 92, Erie County, New York",48365,26195,1251,318,0,"0"
"360290045004","Block Group 4, Census Tract 45, Erie County, New York",87167,40647,512,238,9,"1758"
"360290052012","Block Group 2, Census Tract 52.01, Erie County, New York",71094,10001,449,127,0,"0"
"360290059002","Block Group 2, Census Tract 59, Erie County, New York",19844,14270,990,283,30,"3030"
"360290167003","Block Group 3, Census Tract 167, Erie County, New York",26875,8975,792,185,29,"3662"
"360290133001","Block Group 1, Census Tract 133, Erie County, New York",67625,28875,1648,298,0,"0"
"360290091143","Block Group 3, Census Tract 91.14, Erie County, New York",103015,35872,1256,201,0,"0"
"360290097021","Block Group 1, Census Tract 97.02, Erie County, New York",59000,13251,1237,319,0,"0"
"360290093014","Block Group 4, Census Tract 93.01, Erie County, New York",61798,34645,1092,368,2,"183"
"360290087001","Block Group 1, Census Tract 87, Erie County, New York",44205,39834,727,235,4,"550"
"360290130014","Block Group 4, Census Tract 130.01, Erie County, New York",60179,14646,793,257,3,"378"
"360290091041","Block Group 1, Census Tract 91.04, Erie County, New York",123333,48255,1275,267,0,"0"
"360290071023","Block Group 3, Census Tract 71.02, Erie County, New York",50125,27338,404,197,15,"3713"
"360290162002","Block Group 2, Census Tract 162, Erie County, New York",50698,9329,930,202,2,"215"
"360290033022","Block Group 2, Census Tract 33.02, Erie County, New York",45469,13483,919,319,34,"3700"
"360290052013","Block Group 3, Census Tract 52.01, Erie County, New York",48889,13665,809,287,11,"1360"
"360290069013","Block Group 3, Census Tract 69.01, Erie County, New York",30811,10450,1241,404,38,"3062"
"360290134004","Block Group 4, Census Tract 134, Erie County, New York",150366,92177,1683,787,0,"0"
"360290141011","Block Group 1, Census Tract 141.01, Erie County, New York",84028,33446,1500,282,0,"0"
"360290174001","Block Group 1, Census Tract 174, Erie County, New York",41691,13430,1844,526,3,"163"
"360290055001","Block Group 1, Census Tract 55, Erie County, New York",50197,8536,971,329,26,"2678"
"360290141023","Block Group 3, Census Tract 141.02, Erie County, New York",51552,33862,1326,348,0,"0"
"360290151021","Block Group 1, Census Tract 151.02, Erie County, New York",76940,6305,1752,251,0,"0"
"360290066023","Block Group 3, Census Tract 66.02, Erie County, New York",34240,19728,661,141,9,"1362"
"360290101011","Block Group 1, Census Tract 101.01, Erie County, New York",71406,16970,615,220,0,"0"
"360290069041","Block Group 1, Census Tract 69.04, Erie County, New York",51964,18997,792,209,4,"505"
"360290142064","Block Group 4, Census Tract 142.06, Erie County, New York",217838,58168,2006,625,0,"0"
"360290050001","Block Group 1, Census Tract 50, Erie County, New York",50391,18075,926,221,22,"2376"
"360290089005","Block Group 5, Census Tract 89, Erie County, New York",64028,22190,974,200,0,"0"
"360290008001","Block Group 1, Census Tract 8, Erie County, New York",70227,19468,999,350,4,"400"
"360290037004","Block Group 4, Census Tract 37, Erie County, New York",23030,6383,1083,235,71,"6556"
"360290028012","Block Group 2, Census Tract 28.01, Erie County, New York",16165,4871,418,159,33,"7895"
"360290167002","Block Group 2, Census Tract 167, Erie County, New York",,,744,322,19,"2554"
"360290044022","Block Group 2, Census Tract 44.02, Erie County, New York",38929,26115,874,285,36,"4119"
"360290082022","Block Group 2, Census Tract 82.02, Erie County, New York",56042,15570,617,231,0,"0"
"360290157004","Block Group 4, Census Tract 157, Erie County, New York",50909,15237,935,211,0,"0"
"360290081025","Block Group 5, Census Tract 81.02, Erie County, New York",61290,15877,701,178,1,"143"
"360290029003","Block Group 3, Census Tract 29, Erie County, New York",,,272,180,30,"11029"
"360290098001","Block Group 1, Census Tract 98, Erie County, New York",45938,8849,924,164,0,"0"
"360290100033","Block Group 3, Census Tract 100.03, Erie County, New York",55133,18354,751,236,0,"0"
"360290061004","Block Group 4, Census Tract 61, Erie County, New York",34036,4790,1274,544,15,"1177"
"360290129042","Block Group 2, Census Tract 129.04, Erie County, New York",75114,20303,1120,257,2,"179"
"360290025022","Block Group 2, Census Tract 25.02, Erie County, New York",,,351,163,20,"5698"
"360290007003","Block Group 3, Census Tract 7, Erie County, New York",82083,25255,383,93,5,"1305"
"360290118001","Block Group 1, Census Tract 118, Erie County, New York",60179,15425,835,190,0,"0"
"360290158002","Block Group 2, Census Tract 158, Erie County, New York",42222,26603,306,87,0,"0"
"360290169003","Block Group 3, Census Tract 169, Erie County, New York",43338,13083,1268,319,18,"1420"
"360290147042","Block Group 2, Census Tract 147.04, Erie County, New York",64875,5353,1192,264,0,"0"
"360290093011","Block Group 1, Census Tract 93.01, Erie County, New York",56518,28540,786,271,2,"254"
"360290155043","Block Group 3, Census Tract 155.04, Erie County, New York",52188,27128,392,210,0,"0"
"360290100023","Block Group 3, Census Tract 100.02, Erie County, New York",32855,11792,1392,358,2,"144"
"360290149031","Block Group 1, Census Tract 149.03, Erie County, New York",84063,35058,957,316,0,"0"
"360290172001","Block Group 1, Census Tract 172, Erie County, New York",70257,30396,988,303,0,"0"
"360290091061","Block Group 1, Census Tract 91.06, Erie County, New York",107740,31906,917,234,0,"0"
"360290101022","Block Group 2, Census Tract 101.02, Erie County, New York",41000,19157,690,159,5,"725"
"360290112024","Block Group 4, Census Tract 112.02, Erie County, New York",27480,5905,912,236,1,"110"
"360299800001","Block Group 1, Census Tract 9800, Erie County, New York",,,2047,284,4,"195"
"360290169004","Block Group 4, Census Tract 169, Erie County, New York",57176,15270,1266,561,5,"395"
"360290094012","Block Group 2, Census Tract 94.01, Erie County, New York",130268,65397,1151,280,0,"0"
"360290099003","Block Group 3, Census Tract 99, Erie County, New York",62237,35558,1712,298,6,"350"
"360290148043","Block Group 3, Census Tract 148.04, Erie County, New York",64685,17871,1757,337,0,"0"
"360290094023","Block Group 3, Census Tract 94.02, Erie County, New York",131023,26684,1491,330,1,"67"
"360290081013","Block Group 3, Census Tract 81.01, Erie County, New York",80395,29501,690,211,2,"290"
"360290009003","Block Group 3, Census Tract 9, Erie County, New York",62254,17563,882,244,10,"1134"
"360290093021","Block Group 1, Census Tract 93.02, Erie County, New York",63553,13624,970,262,1,"103"
"360290033012","Block Group 2, Census Tract 33.01, Erie County, New York",68704,22633,620,281,34,"5484"
"360290042001","Block Group 1, Census Tract 42, Erie County, New York",47656,19607,473,206,25,"5285"
"360290108072","Block Group 2, Census Tract 108.07, Erie County, New York",46389,17985,628,201,0,"0"
"360290001102","Block Group 2, Census Tract 1.10, Erie County, New York",47576,9189,1204,308,28,"2326"
"360290100022","Block Group 2, Census Tract 100.02, Erie County, New York",69762,19711,1291,297,0,"0"
"360290059004","Block Group 4, Census Tract 59, Erie County, New York",,,965,633,33,"3420"
"360290024002","Block Group 2, Census Tract 24, Erie County, New York",30952,4358,663,213,24,"3620"
"360290087005","Block Group 5, Census Tract 87, Erie County, New York",,,1019,447,0,"0"
"360290108052","Block Group 2, Census Tract 108.05, Erie County, New York",,,868,223,0,"0"
"360290154011","Block Group 1, Census Tract 154.01, Erie County, New York",76690,9589,1493,216,0,"0"
"360290097011","Block Group 1, Census Tract 97.01, Erie County, New York",47059,11419,1292,343,0,"0"
"360290174003","Block Group 3, Census Tract 174, Erie County, New York",38036,30452,1403,454,2,"143"
"360290147013","Block Group 3, Census Tract 147.01, Erie County, New York",86685,23104,1594,422,0,"0"
"360290097023","Block Group 3, Census Tract 97.02, Erie County, New York",65938,19668,875,172,0,"0"
"360290047023","Block Group 3, Census Tract 47.02, Erie County, New York",,,1756,810,23,"1310"
"360290147032","Block Group 2, Census Tract 147.03, Erie County, New York",86774,31032,926,518,0,"0"
"360290045006","Block Group 6, Census Tract 45, Erie County, New York",106979,83922,535,225,4,"748"
"360290135013","Block Group 3, Census Tract 135.01, Erie County, New York",,,2056,567,0,"0"
"360290059001","Block Group 1, Census Tract 59, Erie County, New York",29198,6829,653,246,21,"3216"
"360290171004","Block Group 4, Census Tract 171, Erie County, New York",,,811,393,18,"2219"
"360290091162","Block Group 2, Census Tract 91.16, Erie County, New York",92917,43035,1328,378,0,"0"
"360290142072","Block Group 2, Census Tract 142.07, Erie County, New York",105843,20878,1455,354,0,"0"
"360290080012","Block Group 2, Census Tract 80.01, Erie County, New York",115308,32081,1077,288,3,"279"
"360290095013","Block Group 3, Census Tract 95.01, Erie County, New York",102321,20305,1700,464,2,"118"
"360290166004","Block Group 4, Census Tract 166, Erie County, New York",27188,8602,897,351,28,"3122"
"360290091131","Block Group 1, Census Tract 91.13, Erie County, New York",111116,11086,2030,435,0,"0"
"360290108051","Block Group 1, Census Tract 108.05, Erie County, New York",65095,13765,1614,380,0,"0"
"360290090082","Block Group 2, Census Tract 90.08, Erie County, New York",76813,9622,1064,240,0,"0"
"360290055003","Block Group 3, Census Tract 55, Erie County, New York",33590,11637,611,229,52,"8511"
"360290094013","Block Group 3, Census Tract 94.01, Erie County, New York",87708,40630,886,316,2,"226"
"360290081012","Block Group 2, Census Tract 81.01, Erie County, New York",58730,26525,1424,335,1,"70"
"360290149033","Block Group 3, Census Tract 149.03, Erie County, New York",97007,33846,1156,346,0,"0"
"360290030003","Block Group 3, Census Tract 30, Erie County, New York",37083,22450,711,370,33,"4641"
"360290146011","Block Group 1, Census Tract 146.01, Erie County, New York",60833,25592,962,294,0,"0"
"360290112023","Block Group 3, Census Tract 112.02, Erie County, New York",83915,13743,2574,380,0,"0"
"360290091042","Block Group 2, Census Tract 91.04, Erie County, New York",116161,9759,1004,233,0,"0"
"360290095014","Block Group 4, Census Tract 95.01, Erie County, New York",136167,69333,792,275,0,"0"
"360290153021","Block Group 1, Census Tract 153.02, Erie County, New York",75346,13720,921,342,0,"0"
"360290091153","Block Group 3, Census Tract 91.15, Erie County, New York",21236,1178,1328,332,1,"75"
"360290101023","Block Group 3, Census Tract 101.02, Erie County, New York",32917,6070,2158,321,1,"46"
"360290079012","Block Group 2, Census Tract 79.01, Erie County, New York",52353,13852,949,214,0,"0"
"360290158001","Block Group 1, Census Tract 158, Erie County, New York",74076,9660,1881,343,0,"0"
"360290101032","Block Group 2, Census Tract 101.03, Erie County, New York",90357,39173,1502,621,1,"67"
"360290146013","Block Group 3, Census Tract 146.01, Erie County, New York",69406,14948,674,251,1,"148"
"360290069011","Block Group 1, Census Tract 69.01, Erie County, New York",38958,10909,1034,309,20,"1934"
"360290080014","Block Group 4, Census Tract 80.01, Erie County, New York",92721,26164,705,335,1,"142"
"360290157002","Block Group 2, Census Tract 157, Erie County, New York",81250,22054,698,229,0,"0"
"360290132013","Block Group 3, Census Tract 132.01, Erie County, New York",128289,83669,548,220,0,"0"
"360290011003","Block Group 3, Census Tract 11, Erie County, New York",31250,8140,804,264,17,"2114"
"360290091072","Block Group 2, Census Tract 91.07, Erie County, New York",54500,15886,1043,315,0,"0"
"360290099001","Block Group 1, Census Tract 99, Erie County, New York",59107,21074,1342,270,5,"373"
"360290108074","Block Group 4, Census Tract 108.07, Erie County, New York",48854,21280,1403,319,0,"0"
"360290166003","Block Group 3, Census Tract 166, Erie County, New York",21887,9373,875,403,17,"1943"
"360290092002","Block Group 2, Census Tract 92, Erie County, New York",57105,13196,742,244,0,"0"
"360290108083","Block Group 3, Census Tract 108.08, Erie County, New York",55294,24543,1094,202,0,"0"
"360290135021","Block Group 1, Census Tract 135.02, Erie County, New York",176528,80084,1923,375,0,"0"
"360290141021","Block Group 1, Census Tract 141.02, Erie County, New York",60334,5400,1880,396,0,"0"
"360290142081","Block Group 1, Census Tract 142.08, Erie County, New York",85885,49889,1158,293,1,"86"
"360290142042","Block Group 2, Census Tract 142.04, Erie County, New York",62217,18533,1541,258,0,"0"
"360290137021","Block Group 1, Census Tract 137.02, Erie County, New York",130887,22012,3453,666,0,"0"
"360290010003","Block Group 3, Census Tract 10, Erie County, New York",82083,35936,784,356,19,"2423"
"360290015001","Block Group 1, Census Tract 15, Erie County, New York",27708,14105,865,347,20,"2312"
"360290019002","Block Group 2, Census Tract 19, Erie County, New York",70254,23996,1459,334,10,"685"
"360290019003","Block Group 3, Census Tract 19, Erie County, New York",27440,25644,646,386,19,"2941"
"360290033021","Block Group 1, Census Tract 33.02, Erie County, New York",,,236,119,29,"12288"
"360290033023","Block Group 3, Census Tract 33.02, Erie County, New York",35250,10493,612,228,30,"4902"
"360290059005","Block Group 5, Census Tract 59, Erie County, New York",33000,22377,837,279,28,"3345"
"360290084002","Block Group 2, Census Tract 84, Erie County, New York",67961,45716,1825,350,5,"274"
"360290058022","Block Group 2, Census Tract 58.02, Erie County, New York",,,1264,327,42,"3323"
"360290078004","Block Group 4, Census Tract 78, Erie County, New York",70862,13126,1325,528,0,"0"
"360290083001","Block Group 1, Census Tract 83, Erie County, New York",32873,12212,922,278,1,"108"
"360290088003","Block Group 3, Census Tract 88, Erie County, New York",39748,20204,1480,288,2,"135"
"360290100012","Block Group 2, Census Tract 100.01, Erie County, New York",66148,7503,1147,474,0,"0"
"360290142083","Block Group 3, Census Tract 142.08, Erie County, New York",108882,35109,2949,392,0,"0"
"360290153012","Block Group 2, Census Tract 153.01, Erie County, New York",77031,13510,1457,299,0,"0"
"360290155011","Block Group 1, Census Tract 155.01, Erie County, New York",64083,6893,2787,528,0,"0"
"360290164003","Block Group 3, Census Tract 164, Erie County, New York",38490,14773,866,263,17,"1963"
"360290080023","Block Group 3, Census Tract 80.02, Erie County, New York",58895,7925,859,227,2,"233"
"360290107001","Block Group 1, Census Tract 107, Erie County, New York",53975,3053,1176,315,4,"340"
"360290142082","Block Group 2, Census Tract 142.08, Erie County, New York",94030,17498,1808,464,0,"0"
"360290091152","Block Group 2, Census Tract 91.15, Erie County, New York",36167,26185,1120,343,0,"0"
"360290135011","Block Group 1, Census Tract 135.01, Erie County, New York",103929,85948,804,197,0,"0"
"360290002001","Block Group 1, Census Tract 2, Erie County, New York",49670,8219,898,535,25,"2784"
"360290042004","Block Group 4, Census Tract 42, Erie County, New York",13281,10312,726,594,35,"4821"
"360290058023","Block Group 3, Census Tract 58.02, Erie County, New York",45039,25665,554,257,32,"5776"
"360290081011","Block Group 1, Census Tract 81.01, Erie County, New York",62930,29560,1561,566,0,"0"
"360290090083","Block Group 3, Census Tract 90.08, Erie County, New York",99188,84033,966,282,0,"0"
"360290109023","Block Group 3, Census Tract 109.02, Erie County, New York",64439,25019,1358,411,0,"0"
"360290137022","Block Group 2, Census Tract 137.02, Erie County, New York",59451,21628,1612,342,0,"0"
"360290142092","Block Group 2, Census Tract 142.09, Erie County, New York",84250,24831,1753,314,0,"0"
"360290142091","Block Group 1, Census Tract 142.09, Erie County, New York",82147,35899,2004,576,0,"0"
"360290155044","Block Group 4, Census Tract 155.04, Erie County, New York",55721,15830,862,248,0,"0"
"360290008002","Block Group 2, Census Tract 8, Erie County, New York",81875,41094,1251,425,31,"2478"
"360290025021","Block Group 1, Census Tract 25.02, Erie County, New York",12158,7191,746,173,37,"4960"
"360290031003","Block Group 3, Census Tract 31, Erie County, New York",30521,19835,642,244,23,"3583"
"360290034005","Block Group 5, Census Tract 34, Erie County, New York",25846,12401,768,349,23,"2995"
"360290058013","Block Group 3, Census Tract 58.01, Erie County, New York",,,483,254,24,"4969"
"360290079043","Block Group 3, Census Tract 79.04, Erie County, New York",62317,15069,1248,245,0,"0"
"360290080011","Block Group 1, Census Tract 80.01, Erie County, New York",67862,20108,933,382,0,"0"
"360290124002","Block Group 2, Census Tract 124, Erie County, New York",23370,8934,1284,474,7,"545"
"360290144001","Block Group 1, Census Tract 144, Erie County, New York",59219,37959,1855,545,0,"0"
"360290163001","Block Group 1, Census Tract 163, Erie County, New York",23242,14965,530,285,21,"3962"
"360290044012","Block Group 2, Census Tract 44.01, Erie County, New York",35028,33124,1220,436,36,"2951"
"360290056002","Block Group 2, Census Tract 56, Erie County, New York",49600,13015,605,174,3,"496"
"360290045003","Block Group 3, Census Tract 45, Erie County, New York",91652,10216,1430,381,4,"280"
"360290090091","Block Group 1, Census Tract 90.09, Erie County, New York",125288,14322,1170,325,0,"0"
"360290077004","Block Group 4, Census Tract 77, Erie County, New York",50440,49723,569,364,0,"0"
"360299400002","Block Group 2, Census Tract 9400, Erie County, New York",33224,11089,921,207,0,"0"
"360290071021","Block Group 1, Census Tract 71.02, Erie County, New York",18952,4906,1310,380,19,"1450"
"360290035022","Block Group 2, Census Tract 35.02, Erie County, New York",,,1153,454,58,"5030"
"360290137014","Block Group 4, Census Tract 137.01, Erie County, New York",87729,26032,2561,705,0,"0"
"360290052014","Block Group 4, Census Tract 52.01, Erie County, New York",83859,41641,971,231,4,"412"
"360290080015","Block Group 5, Census Tract 80.01, Erie County, New York",53369,13930,1041,403,3,"288"
"360290106001","Block Group 1, Census Tract 106, Erie County, New York",41500,15390,1072,402,0,"0"
"360290043005","Block Group 5, Census Tract 43, Erie County, New York",62549,35850,2239,1159,21,"938"
"360290030002","Block Group 2, Census Tract 30, Erie County, New York",23750,8540,1501,716,30,"1999"
"360290167001","Block Group 1, Census Tract 167, Erie County, New York",52548,16355,655,179,29,"4427"
"360290143004","Block Group 4, Census Tract 143, Erie County, New York",40833,14997,909,336,0,"0"
"360290081023","Block Group 3, Census Tract 81.02, Erie County, New York",134583,49329,857,158,0,"0"
"360290120013","Block Group 3, Census Tract 120.01, Erie County, New York",92500,12306,799,240,0,"0"
"360290067012","Block Group 2, Census Tract 67.01, Erie County, New York",54219,48183,1229,459,15,"1221"
"360290135012","Block Group 2, Census Tract 135.01, Erie County, New York",55655,44498,1221,241,0,"0"
"360290120031","Block Group 1, Census Tract 120.03, Erie County, New York",62392,11332,1730,268,3,"173"
"360290071042","Block Group 2, Census Tract 71.04, Erie County, New York",,,952,260,23,"2416"
"360290063022","Block Group 2, Census Tract 63.02, Erie County, New York",77500,18402,1246,227,5,"401"
"360290043007","Block Group 7, Census Tract 43, Erie County, New York",,,901,581,19,"2109"
"360290090074","Block Group 4, Census Tract 90.07, Erie County, New York",171629,27251,1465,374,0,"0"
"360290051003","Block Group 3, Census Tract 51, Erie County, New York",51439,16666,517,177,11,"2128"
"360290056005","Block Group 5, Census Tract 56, Erie County, New York",35750,18697,556,176,12,"2158"
"360290082011","Block Group 1, Census Tract 82.01, Erie County, New York",65197,17428,827,308,1,"121"
"360290088002","Block Group 2, Census Tract 88, Erie County, New York",71761,2036,1403,435,1,"71"
"360290081022","Block Group 2, Census Tract 81.02, Erie County, New York",49853,12409,1067,232,2,"187"
"360290149032","Block Group 2, Census Tract 149.03, Erie County, New York",86360,17923,621,251,0,"0"
"360290067023","Block Group 3, Census Tract 67.02, Erie County, New York",39714,8436,551,135,3,"544"
"360290011002","Block Group 2, Census Tract 11, Erie County, New York",47212,29970,610,193,14,"2295"
"360290092001","Block Group 1, Census Tract 92, Erie County, New York",77656,14992,1590,447,2,"126"
"360290069014","Block Group 4, Census Tract 69.01, Erie County, New York",30721,17639,777,262,23,"2960"
"360290043004","Block Group 4, Census Tract 43, Erie County, New York",81322,18599,763,419,3,"393"
"360290033014","Block Group 4, Census Tract 33.01, Erie County, New York",48710,1250,762,285,30,"3937"
"360290033011","Block Group 1, Census Tract 33.01, Erie County, New York",55421,38502,638,224,15,"2351"
"360290109012","Block Group 2, Census Tract 109.01, Erie County, New York",62798,27969,808,197,0,"0"
"360290125015","Block Group 5, Census Tract 125.01, Erie County, New York",49625,10594,509,191,0,"0"
"360290143002","Block Group 2, Census Tract 143, Erie County, New York",64375,19351,1090,309,0,"0"
"360290146031","Block Group 1, Census Tract 146.03, Erie County, New York",115585,27378,2855,523,0,"0"
"360290123002","Block Group 2, Census Tract 123, Erie County, New York",36789,23187,885,289,3,"339"
"360290014042","Block Group 2, Census Tract 14.04, Erie County, New York",25556,11649,251,131,22,"8765"
"360290045002","Block Group 2, Census Tract 45, Erie County, New York",48867,33066,1159,683,28,"2416"
"360290023003","Block Group 3, Census Tract 23, Erie County, New York",43750,16151,426,216,11,"2582"
"360290061002","Block Group 2, Census Tract 61, Erie County, New York",47473,38911,875,476,18,"2057"
"360290038003","Block Group 3, Census Tract 38, Erie County, New York",22550,11239,1049,473,47,"4480"
"360290038001","Block Group 1, Census Tract 38, Erie County, New York",,,1720,505,65,"3779"
"360290036004","Block Group 4, Census Tract 36, Erie County, New York",23784,8771,986,357,43,"4361"
"360290154012","Block Group 2, Census Tract 154.01, Erie County, New York",63264,13548,1338,418,0,"0"
"360290007005","Block Group 5, Census Tract 7, Erie County, New York",75481,27897,671,143,2,"298"
"360290099002","Block Group 2, Census Tract 99, Erie County, New York",46705,13724,493,121,7,"1420"
"360290079024","Block Group 4, Census Tract 79.02, Erie County, New York",91563,23522,978,196,0,"0"
"360290054002","Block Group 2, Census Tract 54, Erie County, New York",33859,14079,743,198,25,"3365"
"360290052021","Block Group 1, Census Tract 52.02, Erie County, New York",38250,20221,1388,188,6,"432"
"360290171002","Block Group 2, Census Tract 171, Erie County, New York",34119,8908,875,391,18,"2057"
"360290024004","Block Group 4, Census Tract 24, Erie County, New York",29111,5523,644,300,24,"3727"
"360290091142","Block Group 2, Census Tract 91.14, Erie County, New York",74185,24942,1314,343,1,"76"
"360290091151","Block Group 1, Census Tract 91.15, Erie County, New York",40039,10999,1374,239,0,"0"
"360290080033","Block Group 3, Census Tract 80.03, Erie County, New York",31382,9058,833,317,6,"720"
"360290146032","Block Group 2, Census Tract 146.03, Erie County, New York",141094,42359,875,196,0,"0"
"360290065011","Block Group 1, Census Tract 65.01, Erie County, New York",115645,31551,793,253,5,"631"
"360290050002","Block Group 2, Census Tract 50, Erie County, New York",38375,33148,458,191,7,"1528"
"360290097022","Block Group 2, Census Tract 97.02, Erie County, New York",73750,36548,1062,246,0,"0"
"360290155041","Block Group 1, Census Tract 155.04, Erie County, New York",51296,9684,1000,267,0,"0"
"360290082024","Block Group 4, Census Tract 82.02, Erie County, New York",41755,7143,795,248,3,"377"
"360290063015","Block Group 5, Census Tract 63.01, Erie County, New York",61977,15726,340,215,9,"2647"
"360290132021","Block Group 1, Census Tract 132.02, Erie County, New York",48194,19270,2090,399,0,"0"
"360290136001","Block Group 1, Census Tract 136, Erie County, New York",85694,58218,1337,236,0,"0"
"360290117003","Block Group 3, Census Tract 117, Erie County, New York",52162,5325,2319,397,3,"129"
"360290091101","Block Group 1, Census Tract 91.10, Erie County, New York",,,5580,372,0,"0"
"360290102011","Block Group 1, Census Tract 102.01, Erie County, New York",62654,13385,619,169,1,"162"
"360290168022","Block Group 2, Census Tract 168.02, Erie County, New York",29722,13761,715,245,33,"4615"
"360290166001","Block Group 1, Census Tract 166, Erie County, New York",,,597,296,25,"4188"
"360290112021","Block Group 1, Census Tract 112.02, Erie County, New York",90179,22311,706,259,0,"0"
"360290006004","Block Group 4, Census Tract 6, Erie County, New York",61105,14005,864,226,12,"1389"
"360290150022","Block Group 2, Census Tract 150.02, Erie County, New York",72083,18619,583,196,0,"0"
"360290079023","Block Group 3, Census Tract 79.02, Erie County, New York",73750,40262,2629,892,0,"0"
"360290091043","Block Group 3, Census Tract 91.04, Erie County, New York",91198,15753,1915,376,1,"52"
"360290162001","Block Group 1, Census Tract 162, Erie County, New York",50452,15054,1389,290,2,"144"
"360290159002","Block Group 2, Census Tract 159, Erie County, New York",52027,7423,2068,310,0,"0"
"360290125022","Block Group 2, Census Tract 125.02, Erie County, New York",72583,13687,838,269,2,"239"
"360290135022","Block Group 2, Census Tract 135.02, Erie County, New York",150417,91230,1632,341,0,"0"
"360290146014","Block Group 4, Census Tract 146.01, Erie County, New York",81250,24903,1270,835,0,"0"
"360290054003","Block Group 3, Census Tract 54, Erie County, New York",131645,12405,792,213,4,"505"
"360290104002","Block Group 2, Census Tract 104, Erie County, New York",50351,7824,736,214,8,"1087"
"360290090071","Block Group 1, Census Tract 90.07, Erie County, New York",138715,9932,2066,588,0,"0"
"360299900000","Block Group 0, Census Tract 9900, Erie County, New York",,,0,12,0,
